id,first,last,email,age,city
1,Emily,Walker,user1@example.com,38,Houston
2,Jason,Doug,user2@example.com,53,Houston
3,Ava,Clark,user3@example.com,35,Los Angeles
4,Emily,Lee,user4@example.com,33,Portland
5,John,Walker,user5@example.com,25,Chicago
6,Daniel,Taylor,user6@example.com,21,Seattle
7,David,Roe,user7@example.com,56,Houston
8,Clint,Clark,user8@example.com,51,Seattle
9,Xin,Lee,user9@example.com,21,Seattle
10,Ava,Wilson,user10@example.com,21,Phoenix
11,Michael,Taylor,user11@example.com,23,Phoenix
12,Ava,Brown,user12@example.com,29,Seattle
13,Sarah,Doe,user13@example.com,32,Los Angeles
14,John,Doe,user14@example.com,29,Houston
15,Paul,Walker,user15@example.com,20,Los Angeles
16,Sarah,Johnson,user16@example.com,52,Portland
17,Sarah,Saint,user17@example.com,38,San Francisco
18,David,Johnson,user18@example.com,43,Portland
19,Lois,Doe,user19@example.com,48,Houston
20,Mary,Clark,user20@example.com,22,Chicago
21,John,Pork,user21@example.com,42,Seattle
22,Lyon,Dwyane,user22@example.com,29,Portland
23,Sophia,Will,user23@example.com,58,Los Angeles
24,Betty,Boo,user24@example.com,47,Seattle
25,Widrow,Wilson,user25@example.com,47,Seattle
26,David,Frazer,user26@example.com,36,Phoenix
27,Daniel,Shoemaker,user27@example.com,32,Seattle
28,Bryan,Danielson,user28@example.com,40,Portland
29,John,Smith,user29@example.com,37,Chicago
30,Roman,Reigns,user30@example.com,46,Los Angeles
31,Seth,Rollins,user31@example.com,18,Seattle
32,Gordon,Brown,user32@example.com,56,Phoenix
33,Mixin,Perez,user33@example.com,55,Phoenix
34,Michael,Mellow,user34@example.com,48,Portland
35,Liam,Hemsworth,user35@example.com,26,San Francisco
36,Baily,Bloom,user36@example.com,45,Phoenix
37,Max,Bulk,user37@example.com,23,Portland
38,Franklin,Fruit,user38@example.com,18,Houston
39,Zane,Lue,user39@example.com,36,Chicago
40,Cristopher,Jones,user40@example.com,60,Portland
41,Nasim,Ahmed,user41@example.com,27,Chicago
42,Monte,Python,user42@example.com,57,Houston
43,Luis,Armstrong,user43@example.com,45,Houston
44,Audre,Strong,user44@example.com,31,Houston
45,Adrian,Bacus,user45@example.com,48,Chicago
46,Rahim,Malik,user46@example.com,28,Los Angeles
47,George,Washington,user47@example.com,46,Chicago
48,Plum,Loo,user48@example.com,20,Houston
49,Bruce,Wayne,user49@example.com,20,Houston
50,Robert,Stark,user50@example.com,18,Phoenix
