id,name,email,department,salary,join_date
1,Timothy Mooney,jeffrey82@example.net,Sales,143923,2021-04-03
2,Cynthia Long,keiththomas@example.com,Engineering,52149,2025-04-25
3,Diane Williams,debra82@example.com,Sales,63800,2022-08-13
4,Terry Walls,hernandeztonya@example.net,Finance,92666,2024-05-19
5,Gina Hobbs,michellemiller@example.com,Marketing,127355,2025-07-14
6,Christopher Jordan,susan41@example.net,HR,57071,2025-08-31
7,Benjamin Goodman,linda32@example.org,Sales,63173,2023-03-19
8,Jessica Hopkins,blakeann@example.org,Finance,138564,2025-07-29
9,Maria Thompson,victor07@example.com,Marketing,72370,2022-07-31
10,Joshua Cox,rsmith@example.net,HR,98000,2022-10-28
11,John Hicks,annaolsen@example.net,Engineering,125787,2025-08-07
12,Tara Clarke,valenciajesse@example.com,Finance,97399,2024-10-24
13,Francisco Cooper,troy68@example.org,Sales,54350,2025-11-08
14,Rebecca Hernandez,alex27@example.net,HR,94125,2024-12-14
15,Raymond Dalton,imaynard@example.org,Sales,132199,2022-08-26
16,Claudia Fisher DVM,garyriley@example.net,HR,114760,2022-08-09
17,Roberto Ellis,stephanie40@example.com,Engineering,89451,2021-05-19
18,Ryan Buck,jon16@example.org,HR,118268,2024-12-10
19,Jessica Lambert,brandiarcher@example.org,Marketing,63483,2025-01-13
20,Kimberly Wise,hayden26@example.net,Sales,52886,2024-09-25
21,Nichole Mcdaniel,johnsonjeff@example.org,HR,47008,2023-10-25
22,Heather Hensley,jessegaines@example.org,HR,66594,2021-06-26
23,Tyler Conley,marymartinez@example.com,Marketing,101566,2025-06-19
24,Jessica Mason,cummingsdavid@example.net,Engineering,61477,2020-12-18
25,Melissa Harris,williamschelsea@example.com,HR,80291,2021-09-23
26,Susan Mcbride,munozjason@example.org,Marketing,78390,2025-05-22
27,Robin Bailey,michael65@example.com,Finance,141529,2023-04-05
28,Miss Caitlin Stephens,trevormyers@example.com,Sales,132113,2023-11-03
29,Jacob Payne,ymoore@example.org,Engineering,34722,2024-09-16
30,Theresa Rose,brian07@example.com,Marketing,111498,2025-10-03
31,Jeanne Scott,vmiller@example.org,Sales,84381,2023-07-31
32,Earl Hanna,jenniferbailey@example.org,Marketing,71863,2021-06-12
33,Chad Smith,hernandezdennis@example.net,HR,51501,2022-06-09
34,Bryan Powell,ahansen@example.net,HR,143747,2022-08-06
35,Casey Wright,wrivas@example.org,Marketing,129259,2022-08-05
36,David Ellis,qbullock@example.org,Finance,88919,2022-10-17
37,William Baker,vcook@example.net,Sales,114083,2023-06-02
38,Karen Gross,byrdfranklin@example.com,Marketing,67132,2024-07-05
39,Tiffany Gonzalez,stephaniebarajas@example.org,Marketing,67334,2020-11-23
40,Jason Diaz,garneramy@example.org,Engineering,80376,2025-04-25
41,Chloe Miller,tammyfox@example.org,Sales,100280,2021-12-12
42,William Ramirez,jeffreysmith@example.net,Sales,95871,2022-06-19
43,Justin Fisher,wturner@example.org,Engineering,67351,2022-08-01
44,Christopher Bishop,sullivancarlos@example.net,HR,37331,2025-08-13
45,Mary Ross,kennethcooper@example.org,Sales,102710,2023-08-02
46,Timothy Cruz,shane50@example.org,Sales,53410,2022-10-10
47,Jessica Phillips,chadblair@example.com,Marketing,135111,2024-01-01
48,David Rocha,gabriel30@example.net,Marketing,30770,2024-08-06
49,Molly Baxter,sarah53@example.net,Marketing,112089,2023-03-18
50,Sherry Becker,xtucker@example.net,Finance,50081,2025-09-02
51,Kathy Marshall,henrykaren@example.com,Sales,109826,2024-12-27
52,Mark Williams,holly66@example.net,Marketing,101405,2024-12-25
53,Stefanie Henderson,austinerika@example.com,Sales,111139,2025-01-25
54,Anthony Bishop,cgill@example.org,Sales,48353,2021-08-02
55,Terry Estes,murraysean@example.com,HR,135696,2021-01-20
56,Dr. Barbara Hernandez,sanchezrhonda@example.org,Engineering,54088,2024-04-16
57,Deborah Haney,davidsonjesse@example.net,HR,122209,2023-12-24
58,Sandra Powell,maryhale@example.com,Engineering,124739,2023-10-01
59,John Garcia,ymiller@example.org,Engineering,46515,2023-06-20
60,Billy Fernandez,zimmermanmarie@example.com,Sales,41998,2022-10-23
61,James Byrd,michael18@example.net,Sales,61037,2023-04-16
62,Bruce Harrison,callen@example.org,Sales,66547,2022-01-15
63,James Pratt,april21@example.net,Marketing,84940,2023-06-24
64,Brenda Stone,emily43@example.com,HR,148117,2022-11-02
65,Samantha Ray,lopezelizabeth@example.org,Engineering,52803,2025-10-24
66,Yolanda Gomez,ajohnson@example.net,HR,121859,2022-08-20
67,James Edwards,pbeltran@example.org,Finance,146471,2023-10-02
68,Michael Parker,bharris@example.org,Marketing,83380,2022-10-27
69,Alexandra Stewart,ijones@example.org,Marketing,128683,2022-12-30
70,Lorraine Carpenter,joy49@example.org,Sales,104550,2023-07-17
71,Melanie Harrison,dmooney@example.org,Marketing,59901,2024-02-18
72,Veronica Brown DVM,michele86@example.net,Finance,147104,2024-04-18
73,Emily Hernandez,nealmanuel@example.net,Engineering,82613,2025-07-06
74,Douglas Davenport,timothy81@example.net,Finance,88135,2021-10-27
75,Garrett Villarreal,davidsanchez@example.net,Marketing,142715,2024-03-22
76,Brian Brown,samantha32@example.net,Marketing,107108,2025-07-20
77,Jeffery Smith,ryanashley@example.com,Marketing,30943,2022-04-15
78,Anthony Pennington,dodsonlisa@example.org,Engineering,32908,2023-06-06
79,Jay White,christopher18@example.net,Finance,149601,2024-05-31
80,Richard Ryan,lisa99@example.org,Marketing,97624,2025-02-14
81,Lindsey Green,kathryn63@example.org,Marketing,44468,2020-12-28
82,William Gibson,deborah87@example.org,Engineering,122524,2022-05-16
83,Deborah Campbell,carrieporter@example.net,Sales,124595,2024-04-10
84,John Green,claytonhenderson@example.org,Sales,38426,2025-04-15
85,Kelsey Wilson,cthomas@example.com,Sales,54307,2021-04-29
86,Tracie Mcmahon,yvillegas@example.net,Engineering,86958,2023-03-20
87,Frank Fisher,dhogan@example.org,Finance,71329,2024-01-31
88,Louis Singleton III,kennethalvarado@example.net,Finance,124719,2021-10-17
89,Jeffery Jones,james91@example.net,Engineering,30003,2023-03-21
90,Valerie Turner,angela11@example.net,Sales,135708,2021-07-27
91,Arthur Williams,daniellelloyd@example.net,Engineering,62728,2024-03-29
92,Jeffery Wilson,stephanieallen@example.net,Sales,39048,2023-11-02
93,Joe Rodriguez,kellysusan@example.com,HR,68906,2023-04-18
94,Cassandra Mcdonald,michelle62@example.net,Marketing,120080,2021-01-18
95,Brian Burke,russellhanson@example.org,Engineering,90799,2024-07-14
96,William Stephens,hernandezjames@example.org,Engineering,42456,2025-10-19
97,Abigail Smith,shelly19@example.net,Marketing,88320,2023-09-18
98,John Walker,bradleyallen@example.org,Engineering,142477,2023-03-05
99,Steven Johnson,julie85@example.com,HR,55487,2022-07-20
100,Cameron Stevenson,amandawhite@example.com,Finance,112145,2023-12-21
